[{
  "_id": {
    "$oid": "5f7d8abe7cc2cc2a04b1574d"
  },
  "Ten": "Nhà cung cấp dụng cụ làm vườn A",
  "Dia_chi": [
    {
      "Xa_Phuong": "Xã Song Phụng",
      "Huyen_Quan": "Huyện Long Phú",
      "Tinh_ThanhPho": "Tỉnh Sóc Trăng"
    }
  ],
  "Email": "truc@gmail.com",
  "So_dien_thoai": "0123456789",
  "Thoi_gian_cap_nhat": {
    "$date": "2021-03-29T17:00:00Z"
  },
  "Thoi_gian_tao": {
    "$date": "2021-03-29T17:00:00Z"
  },
  "Danh_muc_cung_cap": [
    {
      "DMN_id": {
        "$oid": "5f7d88718bec9df446bcb529"
      }
    }
  ]
},{
  "_id": {
    "$oid": "6063e3314c437447a0b4fcdf"
  },
  "Ten": "Nhà cung cấp cây trồng",
  "Dia_chi": [
    {
      "_id": {
        "$oid": "6063e3317deff447a0a4321b"
      },
      "Tinh_ThanhPho": "Thành phố Hà Nội",
      "Huyen_Quan": "Quận Ba Đình",
      "Xa_Phuong": "Phường Trúc Bạch"
    }
  ],
  "Email": "nhacungcapcaytrong@gmail.com",
  "So_dien_thoai": "0234567891",
  "Danh_muc_cung_cap": [
    {
      "_id": {
        "$oid": "6063e5f07deff447a0a43220"
      },
      "DMN_id": "5f7d85eb8bec9df446bcb4b8"
    },
    {
      "_id": {
        "$oid": "6063e5f07deff447a0a43221"
      },
      "DMN_id": "5f7d85f48bec9df446bcb4b9"
    },
    {
      "_id": {
        "$oid": "6063e5f07deff447a0a43222"
      },
      "DMN_id": "5f7d85f98bec9df446bcb4ba"
    }
  ],
  "Thoi_gian_tao": {
    "$date": "2021-03-31T02:49:21Z"
  },
  "Thoi_gian_cap_nhat": {
    "$date": "2021-03-31T03:01:04Z"
  },
  "__v": 0
}]