[{
  "_id": {
    "$oid": "5f7d89b47cc2cc2a04b15745"
  },
  "Ten_phuong_thuc": "Chuyển khoản ngân hàng/Internet Banking",
  "Thoi_gian_cap_nhat": {
    "$date": "2021-03-23T17:00:00Z"
  },
  "Thoi_gian_tao": {
    "$date": "2021-03-23T17:00:00Z"
  }
},{
  "_id": {
    "$oid": "5f7d89d47cc2cc2a04b15748"
  },
  "Ten_phuong_thuc": "Thanh toán online qua thẻ ATM",
  "Thoi_gian_cap_nhat": {
    "$date": "2021-03-23T17:00:00Z"
  },
  "Thoi_gian_tao": {
    "$date": "2021-03-23T17:00:00Z"
  }
},{
  "_id": {
    "$oid": "605b69385f8f083e2cd65fb8"
  },
  "Ten_phuong_thuc": "Thanh toán trực tiếp",
  "__v": 0,
  "Thoi_gian_cap_nhat": {
    "$date": "2021-03-24T16:30:48Z"
  },
  "Thoi_gian_tao": {
    "$date": "2021-03-24T16:30:48Z"
  }
},{
  "_id": {
    "$oid": "6065377e9b22e518c4c16909"
  },
  "Ten_phuong_thuc": "Ví điện tử Momo",
  "Thoi_gian_tao": {
    "$date": "2021-04-01T03:01:18Z"
  },
  "Thoi_gian_cap_nhat": {
    "$date": "2021-04-01T03:01:30Z"
  },
  "__v": 0
}]