[{
  "_id": {
    "$oid": "5f7d897f7cc2cc2a04b15744"
  },
  "Dia_chi": [
    {
      "_id": {
        "$oid": "6054abbce6f2c116ac5aaa7f"
      },
      "Xa_Phuong": "Xã Trường Khánh",
      "Huyen_Quan": "Huyện Long Phú",
      "Tinh_ThanhPho": "Tỉnh Sóc Trăng"
    }
  ],
  "So_dien_thoai": "0964452406",
  "Banner": [
    {
      "_id": {
        "$oid": "60045dc2a4bba087ab5d268c"
      },
      "Hinh_anh": "https://firebasestorage.googleapis.com/v0/b/managementimagesgreenlife.appspot.com/o/Mon%20Apr%2019%202021%2015%3A22%3A30%20GMT%2B0700%20(Indochina%20Time)-1.png?alt=media&token=7c8684b8-c8c6-4dc5-854c-d6b43c0873f1",
      "Mo_ta": " Chào mừng bạn đã đến với Green Life!"
    },
    {
      "_id": {
        "$oid": "60045dd4a4bba087ab5d268d"
      },
      "Hinh_anh": "https://firebasestorage.googleapis.com/v0/b/managementimagesgreenlife.appspot.com/o/Mon%20Apr%2019%202021%2015%3A22%3A30%20GMT%2B0700%20(Indochina%20Time)-3.jpg?alt=media&token=965675ea-6a64-41c3-90b7-b378a41a5c70",
      "Mo_ta": "Green Life sẽ giúp cho bạn có một không gian sống như bạn mơ ước."
    },
    {
      "_id": {
        "$oid": "60045ddca4bba087ab5d268e"
      },
      "Hinh_anh": "https://firebasestorage.googleapis.com/v0/b/managementimagesgreenlife.appspot.com/o/Mon%20Apr%2019%202021%2015%3A22%3A30%20GMT%2B0700%20(Indochina%20Time)-4.jpg?alt=media&token=90b6b86e-b5c6-45a7-ab39-e71e82d9a93f",
      "Mo_ta": "Green Life sẽ mang đến cho bạn một trãi nghiệm hoàn toàn thú vị."
    }
  ],
  "Ten_cua_hang": "Green Life ",
  "Anh_dai_dien": "https://firebasestorage.googleapis.com/v0/b/managementimagesgreenlife.appspot.com/o/Mon%20Apr%2019%202021%2015%3A23%3A05%20GMT%2B0700%20(Indochina%20Time)-favicon.ico.png?alt=media&token=085ab384-6f61-48b1-a2b9-8a28e00a6d26",
  "Gioi_thieu": "<p style=\"text-align:center\"><strong>Green Life !!!</strong></p>\n"
}]